/*
SQLyog дјҒдёҡзүҲ - MySQL GUI v8.14 
MySQL - 5.7.34-log : Database - aj_report_init
*********************************************************************
*/

/*!40101 SET NAMES utf8 */;

/*!40101 SET SQL_MODE=''*/;

/*!40014 SET @OLD_UNIQUE_CHECKS=@@UNIQUE_CHECKS, UNIQUE_CHECKS=0 */;
/*!40014 SET @OLD_FOREIGN_KEY_CHECKS=@@FOREIGN_KEY_CHECKS, FOREIGN_KEY_CHECKS=0 */;
/*!40101 SET @OLD_SQL_MODE=@@SQL_MODE, SQL_MODE='NO_AUTO_VALUE_ON_ZERO' */;
/*!40111 SET @OLD_SQL_NOTES=@@SQL_NOTES, SQL_NOTES=0 */;
CREATE DATABASE /*!32312 IF NOT EXISTS*/`aj_report_init` /*!40100 DEFAULT CHARACTER SET utf8 */;

USE `aj_report_init`;

/*Table structure for table `aj_report_access` */

DROP TABLE IF EXISTS `aj_report_access`;

CREATE TABLE `aj_report_access` (
  `datetime` date NOT NULL,
  `access` int(11) DEFAULT NULL COMMENT 'и®ҝй—®йҮҸ',
  `register` int(11) DEFAULT NULL COMMENT 'жіЁеҶҢйҮҸ',
  PRIMARY KEY (`datetime`) USING BTREE
) ENGINE=InnoDB DEFAULT CHARSET=utf8 ROW_FORMAT=DYNAMIC;

/*Data for the table `aj_report_access` */

insert  into `aj_report_access`(`datetime`,`access`,`register`) values ('2021-06-18',1000,12),('2021-06-19',1200,20),('2021-06-20',1600,40),('2021-06-21',2000,100),('2021-06-22',800,30);

/*Table structure for table `aj_report_barstack` */

DROP TABLE IF EXISTS `aj_report_barstack`;

CREATE TABLE `aj_report_barstack` (
  `id` int(11) NOT NULL AUTO_INCREMENT,
  `time` date DEFAULT NULL,
  `type` varchar(255) DEFAULT NULL,
  `nums` int(11) DEFAULT NULL,
  PRIMARY KEY (`id`)
) ENGINE=InnoDB AUTO_INCREMENT=8 DEFAULT CHARSET=utf8;

/*Data for the table `aj_report_barstack` */

insert  into `aj_report_barstack`(`id`,`time`,`type`,`nums`) values (1,'2021-07-27','A',12),(2,'2021-07-27','B',20),(3,'2021-07-27','C',11),(4,'2021-07-26','A',11),(5,'2021-07-26','B',30),(6,'2021-07-25','B',20),(7,'2021-07-25','C',15);

/*Table structure for table `aj_report_common1` */

DROP TABLE IF EXISTS `aj_report_common1`;

CREATE TABLE `aj_report_common1` (
  `id` int(11) NOT NULL AUTO_INCREMENT,
  `name` varchar(255) DEFAULT NULL,
  `nums` int(11) DEFAULT NULL,
  PRIMARY KEY (`id`) USING BTREE
) ENGINE=InnoDB AUTO_INCREMENT=6 DEFAULT CHARSET=utf8 ROW_FORMAT=DYNAMIC;

/*Data for the table `aj_report_common1` */

insert  into `aj_report_common1`(`id`,`name`,`nums`) values (1,'дёҠжө·',500),(2,'еҢ—дә¬',600),(3,'иҘҝе®ү',1000),(4,'жІіеҚ—',1200),(5,'жӯҰжұү',2000);

/*Table structure for table `aj_report_common2` */

DROP TABLE IF EXISTS `aj_report_common2`;

CREATE TABLE `aj_report_common2` (
  `id` int(11) NOT NULL AUTO_INCREMENT,
  `name` varchar(255) DEFAULT NULL,
  `nums` int(11) DEFAULT NULL,
  PRIMARY KEY (`id`)
) ENGINE=InnoDB AUTO_INCREMENT=11 DEFAULT CHARSET=utf8;

/*Data for the table `aj_report_common2` */

insert  into `aj_report_common2`(`id`,`name`,`nums`) values (6,'дёҠжө·',200),(7,'еҢ—дә¬',100),(8,'иҘҝе®ү',70),(9,'жІіеҚ—',50),(10,'жӯҰжұү',20);

/*Table structure for table `aj_report_common3` */

DROP TABLE IF EXISTS `aj_report_common3`;

CREATE TABLE `aj_report_common3` (
  `id` int(11) NOT NULL AUTO_INCREMENT,
  `time` varchar(255) DEFAULT NULL,
  `collect` int(11) DEFAULT NULL,
  `start` int(11) DEFAULT NULL,
  PRIMARY KEY (`id`) USING BTREE
) ENGINE=InnoDB AUTO_INCREMENT=25 DEFAULT CHARSET=utf8;

/*Data for the table `aj_report_common3` */

insert  into `aj_report_common3`(`id`,`time`,`collect`,`start`) values (13,'1жңҲ',10,8),(14,'2жңҲ',15,12),(15,'3жңҲ',20,22),(16,'4жңҲ',30,28),(17,'5жңҲ',28,35),(18,'6жңҲ',40,38),(19,'7жңҲ',80,100),(20,'8жңҲ',90,120),(21,'9жңҲ',65,89),(22,'10жңҲ',50,50),(23,'11жңҲ',35,34),(24,'12жңҲ',27,23);

/*Table structure for table `aj_report_comparestack` */

DROP TABLE IF EXISTS `aj_report_comparestack`;

CREATE TABLE `aj_report_comparestack` (
  `id` int(11) NOT NULL AUTO_INCREMENT,
  `time` date DEFAULT NULL,
  `type` varchar(255) DEFAULT NULL,
  `nums` bigint(11) DEFAULT NULL,
  PRIMARY KEY (`id`)
) ENGINE=InnoDB AUTO_INCREMENT=11 DEFAULT CHARSET=utf8;

/*Data for the table `aj_report_comparestack` */

insert  into `aj_report_comparestack`(`id`,`time`,`type`,`nums`) values (1,'2021-08-23','жҲҗеҠҹ',12),(2,'2021-08-23','еӨұиҙҘ',1),(3,'2021-08-24','жҲҗеҠҹ',24),(4,'2021-08-24','еӨұиҙҘ',5),(5,'2021-08-25','жҲҗеҠҹ',13),(6,'2021-08-25','еӨұиҙҘ',8),(7,'2021-08-26','жҲҗеҠҹ',19),(8,'2021-08-26','еӨұиҙҘ',3),(9,'2021-08-27','жҲҗеҠҹ',9),(10,'2021-08-27','еӨұиҙҘ',15);

/*Table structure for table `aj_report_devices` */

DROP TABLE IF EXISTS `aj_report_devices`;

CREATE TABLE `aj_report_devices` (
  `device_id` varchar(255) NOT NULL COMMENT 'и®ҫеӨҮзј–еҸ·',
  `device_name` varchar(255) DEFAULT NULL COMMENT 'и®ҫеӨҮеҗҚз§°',
  `device_type` varchar(255) DEFAULT NULL COMMENT 'и®ҫеӨҮзұ»еһӢ',
  `device_type_code` int(11) DEFAULT NULL COMMENT 'и®ҫеӨҮзұ»еһӢзј–еҸ·',
  `online_time` datetime DEFAULT NULL COMMENT 'дёҠзәҝж—Ҙжңҹ',
  `device_state` int(255) DEFAULT NULL COMMENT '1дёҠзәҝпјҢ0дёӢзәҝ',
  PRIMARY KEY (`device_id`) USING BTREE
) ENGINE=InnoDB DEFAULT CHARSET=utf8 ROW_FORMAT=DYNAMIC;

/*Data for the table `aj_report_devices` */

insert  into `aj_report_devices`(`device_id`,`device_name`,`device_type`,`device_type_code`,`online_time`,`device_state`) values ('f00001','11жҘјйҳІзҒ«еўҷжңҚеҠЎеҷЁf01A','йҳІзҒ«еўҷ',1,'2021-06-23 10:24:16',1),('f00002','11жҘјйҳІзҒ«еўҷжңҚеҠЎеҷЁf01B','йҳІзҒ«еўҷ',1,'2021-06-23 10:24:16',1),('j00001','1жҘјжҖ»дәӨжҚўжңәj102A','дәӨжҚўжңә',1,'2021-06-23 10:05:10',1),('j00002','1жҘјеҲҶдәӨжҚўжңәj104B','дәӨжҚўжңә',1,'2021-06-23 10:05:44',1),('j00003','1жҘјеҲҶдәӨжҚўжңәj106C','дәӨжҚўжңә',1,'2021-06-23 10:06:12',1),('j00004','1жҘјеҲҶдәӨжҚўжңәj109D','дәӨжҚўжңә',1,'2021-06-23 10:07:21',1),('j00005','2жҘјжҖ»дәӨжҚўжңәj202A','дәӨжҚўжңә',1,'2021-06-23 10:15:38',1),('j00006','2жҘјеҲҶдәӨжҚўжңәj204B','дәӨжҚўжңә',1,'2021-06-23 10:15:38',1),('j00007','2жҘјеҲҶдәӨжҚўжңәj206C','дәӨжҚўжңә',1,'2021-06-23 10:15:38',1),('j00008','2жҘјеҲҶдәӨжҚўжңәj209D','дәӨжҚўжңә',1,'2021-06-23 10:15:38',1),('j00009','3жҘјжҖ»дәӨжҚўжңәj302A','дәӨжҚўжңә',1,'2021-06-23 10:15:38',1),('j00010','3жҘјеҲҶдәӨжҚўжңәj304B','дәӨжҚўжңә',1,'2021-06-23 10:15:38',1),('j00011','4жҘјжҖ»дәӨжҚўжңәj402A','дәӨжҚўжңә',1,'2021-06-23 10:15:38',1),('j00012','4жҘјеҲҶдәӨжҚўжңәj409B','дәӨжҚўжңә',1,'2021-06-23 10:15:38',1),('s00001','1жҘјжңҚеҠЎеҷЁs101A','жңҚеҠЎеҷЁ',1,'2021-06-23 09:55:35',1),('s00002','2жҘјжңҚеҠЎеҷЁs201A','жңҚеҠЎеҷЁ',1,'2021-06-23 09:59:39',1),('s00003','3жҘјжңҚеҠЎеҷЁs301A','жңҚеҠЎеҷЁ',1,'2021-06-23 10:00:02',1),('s00004','4жҘјжңҚеҠЎеҷЁs401A','жңҚеҠЎеҷЁ',1,'2021-06-23 10:00:23',1),('s00005','4жҘјжңҚеҠЎеҷЁs401B','жңҚеҠЎеҷЁ',1,'2021-06-23 10:01:10',1),('s00006','11жҘјжңҚеҠЎеҷЁ1101A','жңҚеҠЎеҷЁ',1,'2021-06-23 10:09:26',1),('s00007','11жҘјжңҚеҠЎеҷЁ1101B','жңҚеҠЎеҷЁ',1,'2021-06-23 10:09:26',1),('s00008','11жҘјжңҚеҠЎеҷЁ1101C','жңҚеҠЎеҷЁ',1,'2021-06-23 10:09:26',1),('s00009','11жҘјжңҚеҠЎеҷЁ1101D','жңҚеҠЎеҷЁ',1,'2021-06-23 10:09:26',1),('s00010','11жҘјжңҚеҠЎеҷЁ1101E','жңҚеҠЎеҷЁ',1,'2021-06-23 10:09:26',1),('w00001','1жҘји·Ҝз”ұеҷЁ','и·Ҝз”ұеҷЁ',1,'2021-06-23 10:21:14',1),('w00002','2жҘји·Ҝз”ұеҷЁ','и·Ҝз”ұеҷЁ',1,'2021-06-23 10:21:14',1),('w00003','3жҘји·Ҝз”ұеҷЁ','и·Ҝз”ұеҷЁ',1,'2021-06-23 10:21:14',1),('w00004','4жҘји·Ҝз”ұеҷЁ','и·Ҝз”ұеҷЁ',1,'2021-06-23 10:21:14',1);

/*Table structure for table `aj_report_exper` */

DROP TABLE IF EXISTS `aj_report_exper`;

CREATE TABLE `aj_report_exper` (
  `datetime` date NOT NULL,
  `rt` double(11,2) DEFAULT NULL,
  `qps` bigint(11) DEFAULT NULL,
  `error` int(11) DEFAULT NULL,
  PRIMARY KEY (`datetime`) USING BTREE
) ENGINE=InnoDB DEFAULT CHARSET=utf8 ROW_FORMAT=DYNAMIC;

/*Data for the table `aj_report_exper` */

insert  into `aj_report_exper`(`datetime`,`rt`,`qps`,`error`) values ('2021-06-18',90.92,9000,2),('2021-06-19',100.02,10000,3),('2021-06-20',98.89,9560,1),('2021-06-21',110.99,13456,9),('2021-06-22',89.78,8990,3);

/*Table structure for table `aj_report_fireacl` */

DROP TABLE IF EXISTS `aj_report_fireacl`;

CREATE TABLE `aj_report_fireacl` (
  `id` int(11) NOT NULL AUTO_INCREMENT,
  `acl_type` varchar(255) DEFAULT NULL COMMENT 'aclзұ»еһӢ',
  `create_time` datetime DEFAULT NULL COMMENT 'еҲӣе»әж—¶й—ҙ',
  PRIMARY KEY (`id`) USING BTREE
) ENGINE=InnoDB AUTO_INCREMENT=203 DEFAULT CHARSET=utf8 ROW_FORMAT=DYNAMIC;

/*Data for the table `aj_report_fireacl` */

insert  into `aj_report_fireacl`(`id`,`acl_type`,`create_time`) values (1,'зҪ‘йЎөжөҸи§Ҳ443','2021-06-23 10:50:41'),(2,'зҪ‘йЎөжөҸи§Ҳ443','2021-06-23 10:51:11'),(3,'зҪ‘йЎөжөҸи§Ҳ443','2021-06-23 10:51:47'),(4,'зҪ‘йЎөжөҸи§Ҳ443','2021-06-23 10:51:49'),(5,'зҪ‘йЎөжөҸи§Ҳ443','2021-06-23 10:51:52'),(6,'зҪ‘йЎөжөҸи§Ҳ443','2021-06-23 10:51:55'),(7,'зҪ‘йЎөжөҸи§Ҳ443','2021-06-23 10:51:57'),(8,'зҪ‘йЎөжөҸи§Ҳ443','2021-06-23 10:52:28'),(9,'зҪ‘йЎөжөҸи§Ҳ443','2021-06-23 10:52:31'),(10,'зҪ‘йЎөжөҸи§Ҳ443','2021-06-23 10:52:33'),(11,'зҪ‘йЎөжөҸи§Ҳ443','2021-06-23 10:52:36'),(12,'зҪ‘йЎөжөҸи§Ҳ443','2021-06-23 10:52:38'),(13,'зҪ‘йЎөжөҸи§Ҳ443','2021-06-23 10:52:39'),(14,'зҪ‘йЎөжөҸи§Ҳ443','2021-06-23 10:52:42'),(15,'зҪ‘йЎөжөҸи§Ҳ443','2021-06-23 10:52:44'),(16,'зҪ‘йЎөжөҸи§Ҳ443','2021-06-23 10:52:46'),(17,'зҪ‘йЎөжөҸи§Ҳ443','2021-06-23 10:52:48'),(18,'зҪ‘йЎөжөҸи§Ҳ443','2021-06-23 10:54:33'),(19,'зҪ‘йЎөжөҸи§Ҳ443','2021-06-23 10:54:41'),(20,'зҪ‘йЎөжөҸи§Ҳ443','2021-06-23 10:54:45'),(21,'зҪ‘йЎөжөҸи§Ҳ443','2021-06-23 10:54:46'),(22,'зҪ‘йЎөжөҸи§Ҳ443','2021-06-23 10:54:46'),(23,'зҪ‘йЎөжөҸи§Ҳ443','2021-06-23 10:54:47'),(24,'зҪ‘йЎөжөҸи§Ҳ443','2021-06-23 10:54:48'),(25,'зҪ‘йЎөжөҸи§Ҳ443','2021-06-23 10:54:51'),(26,'зҪ‘йЎөжөҸи§Ҳ443','2021-06-23 10:54:54'),(27,'е…ұдә«ж–Үд»¶445','2021-06-23 10:57:14'),(28,'LDAP389','2021-06-23 10:57:14'),(29,'е…ұдә«ж–Үд»¶445','2021-06-23 10:57:20'),(30,'LDAP389','2021-06-23 10:57:20'),(31,'LDAP389','2021-06-23 10:57:24'),(32,'зҪ‘йЎөжөҸи§Ҳ443','2021-06-23 10:57:27'),(33,'е…ұдә«ж–Үд»¶445','2021-06-23 10:57:27'),(34,'LDAP389','2021-06-23 10:57:27'),(35,'LDAP389','2021-06-23 10:57:30'),(36,'зҪ‘йЎөжөҸи§Ҳ443','2021-06-23 10:57:53'),(37,'е…ұдә«ж–Үд»¶445','2021-06-23 10:57:53'),(38,'LDAP389','2021-06-23 10:57:53'),(39,'Server1433','2021-06-23 10:57:53'),(40,'еӯҳеӮЁ514','2021-06-23 10:57:53'),(41,'зҪ‘йЎөжөҸи§Ҳ443','2021-06-23 10:57:56'),(42,'е…ұдә«ж–Үд»¶445','2021-06-23 10:57:56'),(43,'LDAP389','2021-06-23 10:57:56'),(44,'Server1433','2021-06-23 10:57:56'),(45,'еӯҳеӮЁ514','2021-06-23 10:57:56'),(46,'иҝңзЁӢжЎҢйқў3389','2021-06-23 10:57:56'),(47,'иҝңзЁӢзҷ»йҷҶ23','2021-06-23 10:57:56'),(48,'LDAP389','2021-06-23 10:58:29'),(49,'Server1433','2021-06-23 10:58:29'),(50,'еӯҳеӮЁ514','2021-06-23 10:58:29'),(51,'иҝңзЁӢжЎҢйқў3389','2021-06-23 10:58:32'),(52,'иҝңзЁӢзҷ»йҷҶ23','2021-06-23 10:58:32'),(53,'LDAP389','2021-06-23 10:58:51'),(54,'Server1433','2021-06-23 10:58:51'),(55,'еӯҳеӮЁ514','2021-06-23 10:58:51'),(56,'иҝңзЁӢжЎҢйқў3389','2021-06-23 10:58:51'),(57,'зҪ‘йЎөжөҸи§Ҳ443','2021-06-23 10:58:54'),(58,'е…ұдә«ж–Үд»¶445','2021-06-23 10:58:54'),(59,'LDAP389','2021-06-23 10:58:54'),(60,'Server1433','2021-06-23 10:58:54'),(61,'еӯҳеӮЁ514','2021-06-23 10:58:57'),(62,'иҝңзЁӢжЎҢйқў3389','2021-06-23 10:58:57'),(63,'иҝңзЁӢзҷ»йҷҶ23','2021-06-23 10:58:57'),(64,'LDAP389','2021-06-23 10:59:01'),(65,'Server1433','2021-06-23 10:59:01'),(66,'еӯҳеӮЁ514','2021-06-23 10:59:01'),(67,'зҪ‘йЎөжөҸи§Ҳ443','2021-06-23 10:59:05'),(68,'е…ұдә«ж–Үд»¶445','2021-06-23 10:59:05'),(69,'LDAP389','2021-06-23 10:59:05'),(70,'Server1433','2021-06-23 10:59:05'),(71,'еӯҳеӮЁ514','2021-06-23 10:59:05'),(72,'иҝңзЁӢжЎҢйқў3389','2021-06-23 10:59:05'),(73,'иҝңзЁӢжЎҢйқў3389','2021-06-23 10:59:08'),(74,'иҝңзЁӢзҷ»йҷҶ23','2021-06-23 10:59:08'),(75,'иҝңзЁӢжЎҢйқў3389','2021-06-23 10:59:08'),(76,'иҝңзЁӢзҷ»йҷҶ23','2021-06-23 10:59:08'),(77,'иҝңзЁӢжЎҢйқў3389','2021-06-23 10:59:09'),(78,'иҝңзЁӢзҷ»йҷҶ23','2021-06-23 10:59:09'),(79,'иҝңзЁӢжЎҢйқў3389','2021-06-23 10:59:09'),(80,'иҝңзЁӢзҷ»йҷҶ23','2021-06-23 10:59:09'),(81,'иҝңзЁӢжЎҢйқў3389','2021-06-23 10:59:09'),(82,'иҝңзЁӢзҷ»йҷҶ23','2021-06-23 10:59:09'),(83,'иҝңзЁӢжЎҢйқў3389','2021-06-23 10:59:09'),(84,'иҝңзЁӢзҷ»йҷҶ23','2021-06-23 10:59:09'),(85,'иҝңзЁӢжЎҢйқў3389','2021-06-23 10:59:10'),(86,'иҝңзЁӢзҷ»йҷҶ23','2021-06-23 10:59:10'),(87,'иҝңзЁӢжЎҢйқў3389','2021-06-23 10:59:10'),(88,'иҝңзЁӢзҷ»йҷҶ23','2021-06-23 10:59:10'),(89,'иҝңзЁӢжЎҢйқў3389','2021-06-23 10:59:10'),(90,'иҝңзЁӢзҷ»йҷҶ23','2021-06-23 10:59:10'),(91,'иҝңзЁӢжЎҢйқў3389','2021-06-23 10:59:10'),(92,'иҝңзЁӢзҷ»йҷҶ23','2021-06-23 10:59:10'),(93,'иҝңзЁӢжЎҢйқў3389','2021-06-23 10:59:11'),(94,'иҝңзЁӢзҷ»йҷҶ23','2021-06-23 10:59:11'),(95,'иҝңзЁӢжЎҢйқў3389','2021-06-23 10:59:11'),(96,'иҝңзЁӢзҷ»йҷҶ23','2021-06-23 10:59:11'),(97,'иҝңзЁӢжЎҢйқў3389','2021-06-23 10:59:11'),(98,'иҝңзЁӢзҷ»йҷҶ23','2021-06-23 10:59:11'),(99,'иҝңзЁӢжЎҢйқў3389','2021-06-23 10:59:11'),(100,'иҝңзЁӢзҷ»йҷҶ23','2021-06-23 10:59:11'),(101,'иҝңзЁӢжЎҢйқў3389','2021-06-23 10:59:12'),(102,'иҝңзЁӢзҷ»йҷҶ23','2021-06-23 10:59:12'),(103,'иҝңзЁӢжЎҢйқў3389','2021-06-23 10:59:12'),(104,'иҝңзЁӢзҷ»йҷҶ23','2021-06-23 10:59:12'),(105,'иҝңзЁӢжЎҢйқў3389','2021-06-23 10:59:12'),(106,'иҝңзЁӢзҷ»йҷҶ23','2021-06-23 10:59:12'),(107,'иҝңзЁӢжЎҢйқў3389','2021-06-23 10:59:12'),(108,'иҝңзЁӢзҷ»йҷҶ23','2021-06-23 10:59:12'),(109,'иҝңзЁӢжЎҢйқў3389','2021-06-23 10:59:12'),(110,'иҝңзЁӢзҷ»йҷҶ23','2021-06-23 10:59:12'),(111,'иҝңзЁӢжЎҢйқў3389','2021-06-23 10:59:12'),(112,'иҝңзЁӢзҷ»йҷҶ23','2021-06-23 10:59:12'),(113,'иҝңзЁӢжЎҢйқў3389','2021-06-23 10:59:13'),(114,'иҝңзЁӢзҷ»йҷҶ23','2021-06-23 10:59:13'),(115,'иҝңзЁӢжЎҢйқў3389','2021-06-23 10:59:13'),(116,'иҝңзЁӢзҷ»йҷҶ23','2021-06-23 10:59:13'),(117,'иҝңзЁӢжЎҢйқў3389','2021-06-23 10:59:13'),(118,'иҝңзЁӢзҷ»йҷҶ23','2021-06-23 10:59:13'),(119,'иҝңзЁӢжЎҢйқў3389','2021-06-23 10:59:14'),(120,'иҝңзЁӢзҷ»йҷҶ23','2021-06-23 10:59:14'),(121,'иҝңзЁӢжЎҢйқў3389','2021-06-23 10:59:14'),(122,'иҝңзЁӢзҷ»йҷҶ23','2021-06-23 10:59:14'),(123,'иҝңзЁӢжЎҢйқў3389','2021-06-23 10:59:14'),(124,'иҝңзЁӢзҷ»йҷҶ23','2021-06-23 10:59:14'),(125,'иҝңзЁӢжЎҢйқў3389','2021-06-23 10:59:14'),(126,'иҝңзЁӢзҷ»йҷҶ23','2021-06-23 10:59:14'),(127,'иҝңзЁӢжЎҢйқў3389','2021-06-23 10:59:15'),(128,'иҝңзЁӢзҷ»йҷҶ23','2021-06-23 10:59:15'),(129,'иҝңзЁӢжЎҢйқў3389','2021-06-23 10:59:15'),(130,'иҝңзЁӢзҷ»йҷҶ23','2021-06-23 10:59:15'),(131,'иҝңзЁӢжЎҢйқў3389','2021-06-23 10:59:15'),(132,'иҝңзЁӢзҷ»йҷҶ23','2021-06-23 10:59:15'),(133,'иҝңзЁӢжЎҢйқў3389','2021-06-23 10:59:16'),(134,'иҝңзЁӢзҷ»йҷҶ23','2021-06-23 10:59:16'),(135,'иҝңзЁӢжЎҢйқў3389','2021-06-23 10:59:16'),(136,'иҝңзЁӢзҷ»йҷҶ23','2021-06-23 10:59:16'),(137,'иҝңзЁӢжЎҢйқў3389','2021-06-23 10:59:17'),(138,'иҝңзЁӢзҷ»йҷҶ23','2021-06-23 10:59:17'),(139,'иҝңзЁӢжЎҢйқў3389','2021-06-23 10:59:17'),(140,'иҝңзЁӢзҷ»йҷҶ23','2021-06-23 10:59:17'),(141,'иҝңзЁӢжЎҢйқў3389','2021-06-23 10:59:17'),(142,'иҝңзЁӢзҷ»йҷҶ23','2021-06-23 10:59:17'),(143,'иҝңзЁӢжЎҢйқў3389','2021-06-23 10:59:18'),(144,'иҝңзЁӢзҷ»йҷҶ23','2021-06-23 10:59:18'),(145,'иҝңзЁӢжЎҢйқў3389','2021-06-23 10:59:18'),(146,'иҝңзЁӢзҷ»йҷҶ23','2021-06-23 10:59:18'),(147,'иҝңзЁӢжЎҢйқў3389','2021-06-23 10:59:18'),(148,'иҝңзЁӢзҷ»йҷҶ23','2021-06-23 10:59:18'),(149,'иҝңзЁӢжЎҢйқў3389','2021-06-23 10:59:18'),(150,'иҝңзЁӢзҷ»йҷҶ23','2021-06-23 10:59:18'),(151,'иҝңзЁӢжЎҢйқў3389','2021-06-23 10:59:19'),(152,'иҝңзЁӢзҷ»йҷҶ23','2021-06-23 10:59:19'),(153,'иҝңзЁӢжЎҢйқў3389','2021-06-23 10:59:19'),(154,'иҝңзЁӢзҷ»йҷҶ23','2021-06-23 10:59:19'),(155,'иҝңзЁӢжЎҢйқў3389','2021-06-23 10:59:19'),(156,'иҝңзЁӢзҷ»йҷҶ23','2021-06-23 10:59:19'),(157,'иҝңзЁӢжЎҢйқў3389','2021-06-23 10:59:19'),(158,'иҝңзЁӢзҷ»йҷҶ23','2021-06-23 10:59:19'),(159,'иҝңзЁӢжЎҢйқў3389','2021-06-23 10:59:19'),(160,'иҝңзЁӢзҷ»йҷҶ23','2021-06-23 10:59:19'),(161,'еӯҳеӮЁ514','2021-06-23 10:59:22'),(162,'иҝңзЁӢжЎҢйқў3389','2021-06-23 10:59:22'),(163,'иҝңзЁӢзҷ»йҷҶ23','2021-06-23 10:59:22'),(164,'Server1433','2021-06-23 10:59:24'),(165,'еӯҳеӮЁ514','2021-06-23 10:59:24'),(166,'иҝңзЁӢжЎҢйқў3389','2021-06-23 10:59:24'),(167,'иҝңзЁӢзҷ»йҷҶ23','2021-06-23 10:59:28'),(168,'иҝңзЁӢзҷ»йҷҶ23','2021-06-23 10:59:29'),(169,'иҝңзЁӢзҷ»йҷҶ23','2021-06-23 10:59:29'),(170,'иҝңзЁӢзҷ»йҷҶ23','2021-06-23 10:59:29'),(171,'иҝңзЁӢзҷ»йҷҶ23','2021-06-23 10:59:29'),(172,'иҝңзЁӢзҷ»йҷҶ23','2021-06-23 10:59:29'),(173,'иҝңзЁӢзҷ»йҷҶ23','2021-06-23 10:59:30'),(174,'иҝңзЁӢзҷ»йҷҶ23','2021-06-23 10:59:30'),(175,'еӯҳеӮЁ514','2021-06-23 10:59:33'),(176,'иҝңзЁӢжЎҢйқў3389','2021-06-23 10:59:33'),(177,'LDAP389','2021-06-23 10:59:36'),(178,'Server1433','2021-06-23 10:59:36'),(179,'еӯҳеӮЁ514','2021-06-23 10:59:39'),(180,'иҝңзЁӢжЎҢйқў3389','2021-06-23 10:59:39'),(181,'иҝңзЁӢзҷ»йҷҶ23','2021-06-23 10:59:39'),(182,'еӯҳеӮЁ514','2021-06-23 10:59:40'),(183,'иҝңзЁӢжЎҢйқў3389','2021-06-23 10:59:40'),(184,'иҝңзЁӢзҷ»йҷҶ23','2021-06-23 10:59:40'),(185,'еӯҳеӮЁ514','2021-06-23 10:59:40'),(186,'иҝңзЁӢжЎҢйқў3389','2021-06-23 10:59:40'),(187,'иҝңзЁӢзҷ»йҷҶ23','2021-06-23 10:59:40'),(188,'еӯҳеӮЁ514','2021-06-23 10:59:40'),(189,'иҝңзЁӢжЎҢйқў3389','2021-06-23 10:59:40'),(190,'иҝңзЁӢзҷ»йҷҶ23','2021-06-23 10:59:40'),(191,'иҝңзЁӢжЎҢйқў3389','2021-06-23 10:59:43'),(192,'иҝңзЁӢзҷ»йҷҶ23','2021-06-23 10:59:43'),(193,'иҝңзЁӢжЎҢйқў3389','2021-06-23 10:59:43'),(194,'иҝңзЁӢзҷ»йҷҶ23','2021-06-23 10:59:43'),(195,'иҝңзЁӢжЎҢйқў3389','2021-06-23 10:59:44'),(196,'иҝңзЁӢзҷ»йҷҶ23','2021-06-23 10:59:44'),(197,'иҝңзЁӢжЎҢйқў3389','2021-06-23 10:59:44'),(198,'иҝңзЁӢзҷ»йҷҶ23','2021-06-23 10:59:44'),(199,'иҝңзЁӢжЎҢйқў3389','2021-06-23 10:59:44'),(200,'иҝңзЁӢзҷ»йҷҶ23','2021-06-23 10:59:44'),(201,'иҝңзЁӢжЎҢйқў3389','2021-06-23 10:59:44'),(202,'иҝңзЁӢзҷ»йҷҶ23','2021-06-23 10:59:44');

/*Table structure for table `aj_report_fireattack` */

DROP TABLE IF EXISTS `aj_report_fireattack`;

CREATE TABLE `aj_report_fireattack` (
  `id` int(11) NOT NULL AUTO_INCREMENT COMMENT 'дәӢд»¶зј–еҸ·',
  `attack_type` varchar(255) NOT NULL COMMENT 'ж”»еҮ»зұ»еһӢ',
  `create_time` datetime DEFAULT NULL COMMENT 'дәӢд»¶еҲӣе»әж—¶й—ҙ',
  PRIMARY KEY (`id`) USING BTREE
) ENGINE=InnoDB AUTO_INCREMENT=101 DEFAULT CHARSET=utf8 ROW_FORMAT=DYNAMIC;

/*Data for the table `aj_report_fireattack` */

insert  into `aj_report_fireattack`(`id`,`attack_type`,`create_time`) values (1,'еғөе°ёзҪ‘з»ң','2021-06-23 13:15:37'),(2,'еғөе°ёзҪ‘з»ң','2021-06-23 13:34:14'),(3,'и¶…еӨ§ICMP','2021-06-23 13:34:14'),(4,'з«ҜеҸЈжү«жҸҸ','2021-06-23 13:34:14'),(5,'зҪ‘з«ҷжү«жҸҸ','2021-06-23 13:34:14'),(6,'UDP','2021-06-23 13:34:14'),(7,'WEB','2021-06-23 13:34:14'),(8,'SQLжіЁе…Ҙ','2021-06-23 13:34:14'),(9,'ејұеҸЈд»Ө','2021-06-23 13:34:14'),(10,'еғөе°ёзҪ‘з»ң','2021-06-23 13:39:27'),(11,'и¶…еӨ§ICMP','2021-06-23 13:39:27'),(12,'UDP','2021-06-23 13:39:33'),(13,'WEB','2021-06-23 13:39:33'),(14,'SQLжіЁе…Ҙ','2021-06-23 13:39:33'),(15,'ејұеҸЈд»Ө','2021-06-23 13:39:33'),(16,'еғөе°ёзҪ‘з»ң','2021-06-23 13:39:38'),(17,'и¶…еӨ§ICMP','2021-06-23 13:39:38'),(18,'з«ҜеҸЈжү«жҸҸ','2021-06-23 13:39:38'),(19,'зҪ‘з«ҷжү«жҸҸ','2021-06-23 13:39:38'),(20,'UDP','2021-06-23 13:39:38'),(21,'WEB','2021-06-23 13:39:38'),(22,'SQLжіЁе…Ҙ','2021-06-23 13:39:38'),(23,'еғөе°ёзҪ‘з»ң','2021-06-23 13:39:41'),(24,'и¶…еӨ§ICMP','2021-06-23 13:39:41'),(25,'з«ҜеҸЈжү«жҸҸ','2021-06-23 13:39:41'),(26,'еғөе°ёзҪ‘з»ң','2021-06-23 13:39:42'),(27,'и¶…еӨ§ICMP','2021-06-23 13:39:42'),(28,'з«ҜеҸЈжү«жҸҸ','2021-06-23 13:39:42'),(29,'еғөе°ёзҪ‘з»ң','2021-06-23 13:39:42'),(30,'и¶…еӨ§ICMP','2021-06-23 13:39:42'),(31,'з«ҜеҸЈжү«жҸҸ','2021-06-23 13:39:42'),(32,'еғөе°ёзҪ‘з»ң','2021-06-23 13:39:43'),(33,'и¶…еӨ§ICMP','2021-06-23 13:39:43'),(34,'з«ҜеҸЈжү«жҸҸ','2021-06-23 13:39:43'),(35,'еғөе°ёзҪ‘з»ң','2021-06-23 13:39:43'),(36,'и¶…еӨ§ICMP','2021-06-23 13:39:43'),(37,'з«ҜеҸЈжү«жҸҸ','2021-06-23 13:39:43'),(38,'ејұеҸЈд»Ө','2021-06-23 13:39:46'),(39,'WEB','2021-06-23 13:39:49'),(40,'SQLжіЁе…Ҙ','2021-06-23 13:39:49'),(41,'з«ҜеҸЈжү«жҸҸ','2021-06-23 13:39:55'),(42,'зҪ‘з«ҷжү«жҸҸ','2021-06-23 13:39:55'),(43,'UDP','2021-06-23 13:39:55'),(44,'и¶…еӨ§ICMP','2021-06-23 13:39:58'),(45,'з«ҜеҸЈжү«жҸҸ','2021-06-23 13:39:58'),(46,'еғөе°ёзҪ‘з»ң','2021-06-23 13:40:00'),(47,'еғөе°ёзҪ‘з»ң','2021-06-23 13:40:01'),(48,'еғөе°ёзҪ‘з»ң','2021-06-23 13:40:01'),(49,'еғөе°ёзҪ‘з»ң','2021-06-23 13:40:01'),(50,'ејұеҸЈд»Ө','2021-06-23 13:40:05'),(51,'SQLжіЁе…Ҙ','2021-06-23 13:40:07'),(52,'зҪ‘з«ҷжү«жҸҸ','2021-06-23 13:40:13'),(53,'з«ҜеҸЈжү«жҸҸ','2021-06-23 13:40:17'),(54,'еғөе°ёзҪ‘з»ң','2021-06-23 13:40:19'),(55,'еғөе°ёзҪ‘з»ң','2021-06-23 13:40:24'),(56,'и¶…еӨ§ICMP','2021-06-23 13:40:24'),(57,'з«ҜеҸЈжү«жҸҸ','2021-06-23 13:40:24'),(58,'зҪ‘з«ҷжү«жҸҸ','2021-06-23 13:40:24'),(59,'UDP','2021-06-23 13:40:24'),(60,'WEB','2021-06-23 13:40:24'),(61,'SQLжіЁе…Ҙ','2021-06-23 13:40:24'),(62,'ејұеҸЈд»Ө','2021-06-23 13:40:24'),(63,'еғөе°ёзҪ‘з»ң','2021-06-23 13:40:25'),(64,'и¶…еӨ§ICMP','2021-06-23 13:40:25'),(65,'з«ҜеҸЈжү«жҸҸ','2021-06-23 13:40:25'),(66,'зҪ‘з«ҷжү«жҸҸ','2021-06-23 13:40:25'),(67,'UDP','2021-06-23 13:40:25'),(68,'WEB','2021-06-23 13:40:25'),(69,'SQLжіЁе…Ҙ','2021-06-23 13:40:25'),(70,'ејұеҸЈд»Ө','2021-06-23 13:40:25'),(71,'зҪ‘з«ҷжү«жҸҸ','2021-06-23 13:40:29'),(72,'UDP','2021-06-23 13:40:29'),(73,'WEB','2021-06-23 13:40:29'),(74,'SQLжіЁе…Ҙ','2021-06-23 13:40:29'),(75,'еғөе°ёзҪ‘з»ң','2021-06-23 13:40:32'),(76,'и¶…еӨ§ICMP','2021-06-23 13:40:32'),(77,'з«ҜеҸЈжү«жҸҸ','2021-06-23 13:40:32'),(78,'еғөе°ёзҪ‘з»ң','2021-06-23 13:40:32'),(79,'и¶…еӨ§ICMP','2021-06-23 13:40:32'),(80,'з«ҜеҸЈжү«жҸҸ','2021-06-23 13:40:32'),(81,'еғөе°ёзҪ‘з»ң','2021-06-23 13:40:32'),(82,'и¶…еӨ§ICMP','2021-06-23 13:40:32'),(83,'з«ҜеҸЈжү«жҸҸ','2021-06-23 13:40:32'),(84,'еғөе°ёзҪ‘з»ң','2021-06-23 13:40:33'),(85,'и¶…еӨ§ICMP','2021-06-23 13:40:33'),(86,'з«ҜеҸЈжү«жҸҸ','2021-06-23 13:40:33'),(87,'еғөе°ёзҪ‘з»ң','2021-06-23 13:40:36'),(88,'и¶…еӨ§ICMP','2021-06-23 13:40:36'),(89,'еғөе°ёзҪ‘з»ң','2021-06-23 13:40:36'),(90,'и¶…еӨ§ICMP','2021-06-23 13:40:36'),(91,'еғөе°ёзҪ‘з»ң','2021-06-23 13:40:36'),(92,'и¶…еӨ§ICMP','2021-06-23 13:40:36'),(93,'еғөе°ёзҪ‘з»ң','2021-06-23 13:40:37'),(94,'и¶…еӨ§ICMP','2021-06-23 13:40:37'),(95,'зҪ‘з«ҷжү«жҸҸ','2021-06-23 13:42:06'),(96,'UDP','2021-06-23 13:42:26'),(97,'SQLжіЁе…Ҙ','2021-06-23 13:42:42'),(98,'UDP','2021-06-23 13:42:47'),(99,'UDP','2021-06-23 13:42:47'),(100,'UDP','2021-06-23 13:42:48');

/*Table structure for table `aj_report_mail` */

DROP TABLE IF EXISTS `aj_report_mail`;

CREATE TABLE `aj_report_mail` (
  `id` int(11) NOT NULL AUTO_INCREMENT COMMENT 'дәӢд»¶id',
  `username` varchar(255) DEFAULT NULL COMMENT 'зҷ»йҷҶз”ЁжҲ·',
  `status` int(11) DEFAULT NULL COMMENT '1жҲҗеҠҹпјҢ0еӨұиҙҘ',
  `create_time` datetime DEFAULT NULL COMMENT 'дәӢд»¶ж—¶й—ҙ',
  PRIMARY KEY (`id`) USING BTREE
) ENGINE=InnoDB AUTO_INCREMENT=245 DEFAULT CHARSET=utf8 ROW_FORMAT=DYNAMIC;

/*Data for the table `aj_report_mail` */

insert  into `aj_report_mail`(`id`,`username`,`status`,`create_time`) values (1,'zhangsi',0,'2021-06-21 14:14:22'),(2,'zhangsi',0,'2021-06-21 14:18:01'),(3,'zhangsi',0,'2021-06-21 14:18:01'),(4,'zhangsi',0,'2021-06-22 14:18:02'),(5,'zhangsi',0,'2021-06-22 14:18:02'),(6,'zhangsi',0,'2021-06-22 14:18:02'),(7,'zhangsi',0,'2021-06-23 14:18:02'),(8,'zhangsi',0,'2021-06-23 14:18:03'),(9,'zhangsi',0,'2021-06-23 14:18:03'),(10,'zhangsi',0,'2021-06-23 14:18:03'),(11,'zhangsi',0,'2021-06-23 14:18:03'),(12,'zhangsi',0,'2021-06-23 14:18:04'),(13,'zhangsi',0,'2021-06-23 14:18:04'),(14,'zhangsi',0,'2021-06-23 14:18:09'),(15,'zhangsi',0,'2021-06-23 14:18:10'),(16,'zhangsi',0,'2021-06-23 14:18:10'),(17,'zhangsi',0,'2021-06-23 14:18:10'),(18,'zhangsi',0,'2021-06-23 14:18:10'),(19,'zhangsi',0,'2021-06-23 14:18:10'),(20,'wangwu',0,'2021-06-21 14:18:23'),(21,'wangwu',0,'2021-06-21 14:18:24'),(22,'wangwu',0,'2021-06-21 14:18:24'),(23,'wangwu',0,'2021-06-21 14:18:24'),(24,'wangwu',0,'2021-06-21 14:18:24'),(25,'wangwu',0,'2021-06-23 14:18:24'),(26,'wangwu',0,'2021-06-23 14:18:24'),(27,'wangwu',0,'2021-06-23 14:18:25'),(28,'wangwu',0,'2021-06-23 14:18:25'),(29,'zhangsi',0,'2021-06-23 14:18:31'),(30,'wangwu',0,'2021-06-23 14:18:31'),(31,'zhangsi',0,'2021-06-23 14:18:31'),(32,'wangwu',0,'2021-06-23 14:18:31'),(33,'zhangsi',0,'2021-06-23 14:18:31'),(34,'wangwu',0,'2021-06-23 14:18:31'),(35,'zhangsi',0,'2021-06-23 14:18:31'),(36,'wangwu',0,'2021-06-23 14:18:31'),(37,'zhangsi',0,'2021-06-23 14:18:32'),(38,'wangwu',0,'2021-06-23 14:18:32'),(39,'zhangsi',0,'2021-06-23 14:18:41'),(40,'wangwu',0,'2021-06-23 14:18:41'),(41,'liliu',0,'2021-06-23 14:18:41'),(42,'zhangsi',0,'2021-06-23 14:18:41'),(43,'wangwu',0,'2021-06-23 14:18:41'),(44,'liliu',0,'2021-06-23 14:18:41'),(45,'liliu',0,'2021-06-23 14:18:43'),(46,'liliu',0,'2021-06-21 14:18:43'),(47,'liliu',0,'2021-06-21 14:18:44'),(48,'liliu',0,'2021-06-23 14:18:44'),(49,'IT1',0,'2021-06-23 14:18:53'),(50,'IT1',0,'2021-06-23 14:18:53'),(51,'IT1',0,'2021-06-23 14:18:54'),(52,'IT1',0,'2021-06-21 14:18:54'),(53,'zhangsi',0,'2021-06-21 14:18:58'),(54,'wangwu',0,'2021-06-23 14:18:58'),(55,'liliu',0,'2021-06-23 14:18:58'),(56,'IT1',0,'2021-06-23 14:18:58'),(57,'IT2',0,'2021-06-23 14:19:07'),(58,'IT1',0,'2021-06-23 14:19:12'),(59,'IT2',0,'2021-06-23 14:19:12'),(60,'IT1',0,'2021-06-23 14:19:12'),(61,'IT2',0,'2021-06-22 14:19:12'),(62,'IT1',0,'2021-06-22 14:19:12'),(63,'IT2',0,'2021-06-22 14:19:12'),(64,'IT2',0,'2021-06-23 14:19:26'),(65,'jiayi',0,'2021-06-23 14:19:26'),(66,'IT2',0,'2021-06-23 14:19:27'),(67,'jiayi',0,'2021-06-23 14:19:27'),(68,'IT2',0,'2021-06-23 14:19:27'),(69,'jiayi',0,'2021-06-23 14:19:27'),(70,'IT1',0,'2021-06-23 14:19:30'),(71,'IT2',0,'2021-06-23 14:19:30'),(72,'IT1',0,'2021-06-23 14:19:30'),(73,'IT2',0,'2021-06-22 14:19:30'),(74,'zhangsi',0,'2021-06-22 14:19:33'),(75,'wangwu',0,'2021-06-22 14:19:33'),(76,'liliu',0,'2021-06-23 14:19:33'),(77,'IT1',0,'2021-06-23 14:19:33'),(78,'IT2',0,'2021-06-22 14:19:33'),(79,'jiayi',0,'2021-06-23 14:19:33'),(80,'zhangsi',0,'2021-06-23 14:19:33'),(81,'wangwu',0,'2021-06-23 14:19:33'),(82,'liliu',0,'2021-06-23 14:19:33'),(83,'IT1',0,'2021-06-23 14:19:33'),(84,'IT2',0,'2021-06-23 14:19:33'),(85,'jiayi',0,'2021-06-23 14:19:33'),(86,'zhangsi',0,'2021-06-23 14:19:33'),(87,'wangwu',0,'2021-06-23 14:19:33'),(88,'liliu',0,'2021-06-23 14:19:33'),(89,'IT1',0,'2021-06-23 14:19:33'),(90,'IT2',0,'2021-06-23 14:19:33'),(91,'jiayi',0,'2021-06-23 14:19:33'),(92,'zhangsi',0,'2021-06-21 14:19:34'),(93,'wangwu',0,'2021-06-21 14:19:34'),(94,'liliu',0,'2021-06-21 14:19:34'),(95,'IT1',0,'2021-06-23 14:19:34'),(96,'IT2',0,'2021-06-23 14:19:34'),(97,'jiayi',0,'2021-06-21 14:19:34'),(98,'zhangsi',0,'2021-06-23 14:19:34'),(99,'wangwu',0,'2021-06-23 14:19:34'),(100,'liliu',0,'2021-06-23 14:19:34'),(101,'IT1',0,'2021-06-23 14:19:34'),(102,'IT2',0,'2021-06-23 14:19:34'),(103,'jiayi',0,'2021-06-23 14:19:34'),(104,'zhangsi',0,'2021-06-23 14:19:34'),(105,'wangwu',0,'2021-06-23 14:19:34'),(106,'liliu',0,'2021-06-23 14:19:34'),(107,'IT1',0,'2021-06-23 14:19:34'),(108,'IT2',0,'2021-06-23 14:19:34'),(109,'jiayi',0,'2021-06-23 14:19:34'),(110,'zhangsi',0,'2021-06-24 09:39:28'),(111,'wangwu',0,'2021-06-24 09:39:28'),(112,'liliu',0,'2021-06-24 09:39:28'),(113,'IT1',0,'2021-06-24 09:39:28'),(114,'IT2',0,'2021-06-24 09:39:28'),(115,'jiayi',0,'2021-06-24 09:39:28'),(116,'zhangsi',0,'2021-06-24 09:39:35'),(117,'wangwu',0,'2021-06-24 09:39:35'),(118,'liliu',0,'2021-06-24 09:39:35'),(119,'IT1',0,'2021-06-24 09:39:35'),(120,'IT2',0,'2021-06-24 09:39:35'),(121,'jiayi',0,'2021-06-24 09:39:35'),(122,'zhangsi',0,'2021-06-24 09:39:36'),(123,'wangwu',0,'2021-06-24 09:39:36'),(124,'liliu',0,'2021-06-24 09:39:36'),(125,'IT1',0,'2021-06-24 09:39:36'),(126,'IT2',0,'2021-06-24 09:39:36'),(127,'jiayi',0,'2021-06-24 09:39:36'),(128,'liliu',0,'2021-06-24 09:39:39'),(129,'IT1',0,'2021-06-24 09:39:39'),(130,'IT2',0,'2021-06-24 09:39:39'),(131,'zhangsi',0,'2021-06-24 09:39:42'),(132,'wangwu',0,'2021-06-24 09:39:42'),(133,'liliu',0,'2021-06-24 09:39:42'),(134,'IT1',0,'2021-06-24 09:39:44'),(135,'IT1',0,'2021-06-24 09:39:44'),(136,'IT1',0,'2021-06-24 09:39:45'),(137,'zhangsi',0,'2021-06-24 09:39:47'),(138,'zhangsi',0,'2021-06-24 09:39:47'),(139,'wangwu',0,'2021-06-24 09:39:50'),(140,'liliu',0,'2021-06-24 09:39:50'),(141,'wangwu',0,'2021-06-24 09:39:50'),(142,'liliu',0,'2021-06-23 09:39:50'),(143,'zhangsi',0,'2021-06-23 09:39:53'),(144,'wangwu',0,'2021-06-24 09:39:53'),(145,'liliu',0,'2021-06-24 09:39:53'),(146,'IT1',0,'2021-06-24 09:39:53'),(147,'IT2',0,'2021-06-24 09:39:53'),(148,'zhangsi',0,'2021-06-24 09:39:54'),(149,'wangwu',0,'2021-06-23 09:39:54'),(150,'liliu',0,'2021-06-24 09:39:54'),(151,'IT1',0,'2021-06-24 09:39:54'),(152,'IT2',0,'2021-06-24 09:39:54'),(153,'zhangsi',0,'2021-06-24 09:39:56'),(154,'wangwu',0,'2021-06-24 09:39:56'),(155,'zhangsi',0,'2021-06-24 09:39:57'),(156,'wangwu',0,'2021-06-24 09:39:57'),(157,'zhangsi',0,'2021-06-24 09:39:57'),(158,'wangwu',0,'2021-06-24 09:39:57'),(159,'zhangsi',0,'2021-06-24 09:40:00'),(160,'wangwu',0,'2021-06-24 09:40:01'),(161,'liliu',0,'2021-06-24 09:40:01'),(162,'zhangsi',0,'2021-06-23 09:40:01'),(163,'wangwu',0,'2021-06-23 09:40:01'),(164,'liliu',0,'2021-06-24 09:40:01'),(165,'liliu',0,'2021-06-23 09:40:05'),(166,'IT1',0,'2021-06-24 09:40:05'),(167,'IT2',0,'2021-06-24 09:40:07'),(168,'jiayi',0,'2021-06-24 09:40:07'),(169,'wangwu',0,'2021-06-24 09:40:11'),(170,'liliu',0,'2021-06-24 09:40:11'),(171,'zhangsi',0,'2021-06-24 09:40:14'),(172,'zhangsi',0,'2021-06-24 09:40:14'),(173,'zhangsi',0,'2021-06-24 09:40:15'),(174,'IT1',0,'2021-06-24 09:40:18'),(175,'liliu',0,'2021-06-24 09:40:20'),(176,'jiayi',0,'2021-06-24 09:40:22'),(177,'zhangsi',0,'2021-06-25 09:55:00'),(178,'wangwu',0,'2021-06-25 09:55:00'),(179,'liliu',0,'2021-06-25 09:55:00'),(180,'IT1',0,'2021-06-25 09:55:00'),(181,'IT2',0,'2021-06-25 09:55:00'),(182,'jiayi',0,'2021-06-25 09:55:00'),(183,'wangwu',0,'2021-06-25 09:55:05'),(184,'liliu',0,'2021-06-25 09:55:05'),(185,'zhangsi',0,'2021-06-25 09:55:09'),(186,'IT2',0,'2021-06-25 09:55:12'),(187,'liliu',0,'2021-06-25 09:55:15'),(188,'IT1',0,'2021-06-25 09:55:15'),(189,'IT2',0,'2021-06-25 09:55:15'),(190,'wangwu',0,'2021-06-22 09:55:17'),(191,'liliu',0,'2021-06-25 09:55:17'),(192,'jiayi',0,'2021-06-25 09:55:20'),(193,'liliu',0,'2021-06-25 09:55:22'),(194,'wangwu',0,'2021-06-22 09:55:25'),(195,'zhangsi',0,'2021-06-22 09:55:27'),(196,'IT1',0,'2021-06-25 09:55:30'),(197,'IT2',0,'2021-06-21 09:55:33'),(198,'zhangsi',0,'2021-06-21 09:55:38'),(199,'wangwu',0,'2021-06-21 09:55:38'),(200,'zhangsi',0,'2021-06-25 09:55:38'),(201,'wangwu',0,'2021-06-25 09:55:38'),(202,'zhangsi',0,'2021-06-25 09:55:39'),(203,'wangwu',0,'2021-06-25 09:55:39'),(204,'zhangsi',0,'2021-06-25 09:55:39'),(205,'wangwu',0,'2021-06-25 09:55:39'),(206,'zhangsi',0,'2021-06-25 09:55:42'),(207,'wangwu',0,'2021-06-25 09:55:42'),(208,'liliu',0,'2021-06-25 09:55:42'),(209,'IT1',0,'2021-06-25 09:55:42'),(210,'IT2',0,'2021-06-25 09:55:42'),(211,'zhangsi',0,'2021-06-25 09:55:45'),(212,'wangwu',0,'2021-06-25 09:55:45'),(213,'liliu',0,'2021-06-25 09:55:45'),(214,'IT1',0,'2021-06-25 09:55:45'),(215,'IT2',0,'2021-06-25 09:55:45'),(216,'jiayi',0,'2021-06-25 09:55:45'),(217,'IT1',0,'2021-06-25 09:55:48'),(218,'IT2',0,'2021-06-21 09:55:48'),(219,'zhangsi',0,'2021-06-25 10:00:00'),(220,'wangwu',0,'2021-06-25 10:00:00'),(221,'liliu',0,'2021-06-25 10:00:00'),(222,'IT1',0,'2021-06-25 10:00:00'),(223,'IT2',0,'2021-06-22 10:00:00'),(224,'jiayi',0,'2021-06-25 10:00:00'),(225,'jiayi',0,'2021-06-25 10:00:03'),(226,'jiayi',0,'2021-06-25 10:00:03'),(227,'jiayi',0,'2021-06-21 10:00:04'),(228,'IT1',0,'2021-06-22 10:00:06'),(229,'zhangsi',0,'2021-06-22 10:00:14'),(230,'wangwu',0,'2021-06-25 10:00:14'),(231,'liliu',0,'2021-06-25 10:00:14'),(232,'IT1',0,'2021-06-21 10:00:14'),(233,'zhangsi',0,'2021-06-25 10:00:14'),(234,'wangwu',0,'2021-06-25 10:00:14'),(235,'liliu',0,'2021-06-25 10:00:14'),(236,'IT1',0,'2021-06-21 10:00:14'),(237,'zhangsi',0,'2021-06-25 10:00:14'),(238,'wangwu',0,'2021-06-25 10:00:14'),(239,'liliu',0,'2021-06-21 10:00:14'),(240,'IT1',0,'2021-06-21 10:00:14'),(241,'zhangsi',0,'2021-06-25 10:00:15'),(242,'wangwu',0,'2021-06-25 10:00:15'),(243,'liliu',0,'2021-06-25 10:00:15'),(244,'IT1',0,'2021-06-25 10:00:15');

/*Table structure for table `aj_report_manus` */

DROP TABLE IF EXISTS `aj_report_manus`;

CREATE TABLE `aj_report_manus` (
  `id` int(11) NOT NULL AUTO_INCREMENT,
  `datetime` date DEFAULT NULL COMMENT 'ж—Ҙжңҹ',
  `brand` varchar(255) DEFAULT NULL COMMENT 'зі»еҲ—',
  `manus` int(11) DEFAULT NULL COMMENT 'з”ҹдә§йҮҸ',
  `sales` int(11) DEFAULT NULL COMMENT 'й”Җе”®йҮҸ',
  `unsales` int(11) DEFAULT NULL COMMENT 'ж»һй”ҖйҮҸ',
  `rework` int(11) DEFAULT NULL COMMENT 'иҝ”дҝ®йҮҸ',
  `return` int(11) DEFAULT NULL COMMENT 'йҖҖиҙ§йҮҸ',
  PRIMARY KEY (`id`) USING BTREE
) ENGINE=InnoDB AUTO_INCREMENT=36 DEFAULT CHARSET=utf8 ROW_FORMAT=DYNAMIC;

/*Data for the table `aj_report_manus` */

insert  into `aj_report_manus`(`id`,`datetime`,`brand`,`manus`,`sales`,`unsales`,`rework`,`return`) values (1,'2021-06-18','A-100',12,11,1,0,0),(2,'2021-06-18','A-110',20,15,5,1,1),(3,'2021-06-18','B-100',20,20,0,0,0),(4,'2021-06-18','B-110',30,25,5,2,1),(5,'2021-06-18','C-50',60,50,10,5,3),(6,'2021-06-18','D-40',65,65,0,10,0),(7,'2021-06-18','E-30',45,45,0,20,2),(8,'2021-06-19','A-100',7,7,0,1,0),(9,'2021-06-19','A-110',10,9,1,1,0),(10,'2021-06-19','B-100',11,10,1,1,0),(11,'2021-06-19','B-110',15,12,3,0,0),(12,'2021-06-19','C-50',40,40,0,5,2),(13,'2021-06-19','D-40',35,33,2,4,2),(14,'2021-06-19','E-30',15,29,1,10,10),(15,'2021-06-20','A-100',17,13,4,1,0),(16,'2021-06-20','A-110',9,8,1,0,0),(17,'2021-06-20','B-100',18,17,1,1,0),(18,'2021-06-20','B-110',5,5,0,0,0),(19,'2021-06-20','C-50',60,50,10,5,2),(20,'2021-06-20','D-40',35,33,2,7,2),(21,'2021-06-20','E-30',45,44,1,12,3),(22,'2021-06-21','A-100',27,20,7,1,0),(23,'2021-06-21','A-110',39,30,9,2,0),(24,'2021-06-21','B-100',28,25,3,1,0),(25,'2021-06-21','B-110',15,12,3,2,0),(26,'2021-06-21','C-50',30,30,0,5,2),(27,'2021-06-21','D-40',25,24,1,3,1),(28,'2021-06-21','E-30',55,50,5,7,3),(29,'2021-06-22','A-100',37,30,7,2,0),(30,'2021-06-22','A-110',19,15,4,1,1),(31,'2021-06-22','B-100',8,8,0,1,0),(32,'2021-06-22','B-110',5,5,0,1,0),(33,'2021-06-22','C-50',20,19,1,2,1),(34,'2021-06-22','D-40',15,14,1,3,1),(35,'2021-06-22','E-30',55,53,2,9,6);

/*Table structure for table `aj_report_nums` */

DROP TABLE IF EXISTS `aj_report_nums`;

CREATE TABLE `aj_report_nums` (
  `id` int(11) NOT NULL AUTO_INCREMENT,
  `inter` int(11) DEFAULT NULL,
  `doub` double DEFAULT NULL,
  PRIMARY KEY (`id`)
) ENGINE=InnoDB AUTO_INCREMENT=11 DEFAULT CHARSET=utf8;

/*Data for the table `aj_report_nums` */

insert  into `aj_report_nums`(`id`,`inter`,`doub`) values (9,18,NULL),(10,NULL,55.33);

/*Table structure for table `aj_report_table` */

DROP TABLE IF EXISTS `aj_report_table`;

CREATE TABLE `aj_report_table` (
  `id` int(11) NOT NULL AUTO_INCREMENT,
  `date` date DEFAULT NULL,
  `name` varchar(255) DEFAULT NULL,
  `code` varchar(255) DEFAULT NULL,
  `address` varchar(255) DEFAULT NULL,
  PRIMARY KEY (`id`) USING BTREE
) ENGINE=InnoDB AUTO_INCREMENT=15 DEFAULT CHARSET=utf8;

/*Data for the table `aj_report_table` */

insert  into `aj_report_table`(`id`,`date`,`name`,`code`,`address`) values (8,'2021-05-01','дёҠжұҪе®үеҗү','A00000001','иҝҷжҳҜдёҖжқЎжөӢиҜ•иЎЁж јдәӢд»¶1'),(9,'2021-05-02','дёҠжұҪеӨ§йҖҡ','A00000002','иҝҷжҳҜдёҖжқЎжөӢиҜ•иЎЁж јдәӢд»¶2'),(10,'2021-05-03','дёҠжұҪжҷәиЎҢ','A00000003','иҝҷжҳҜдёҖжқЎжөӢиҜ•иЎЁж јдәӢд»¶3'),(11,'2021-05-04','дёҠжұҪеӣҪйҷ…','A00000004','иҝҷжҳҜдёҖжқЎжөӢиҜ•иЎЁж јдәӢд»¶4'),(12,'2021-05-05','дёҠжұҪеӣҪеҶ…','A00000005','иҝҷжҳҜдёҖжқЎжөӢиҜ•иЎЁж јдәӢд»¶5'),(13,'2021-05-06','дёҠжұҪиҝҗиҫ“','A00000006','иҝҷжҳҜдёҖжқЎжөӢиҜ•иЎЁж јдәӢд»¶6'),(14,'2021-05-07','дёҠжұҪеӨ§дј—','A00000007','иҝҷжҳҜдёҖжқЎжөӢиҜ•иЎЁж јдәӢд»¶7');

/*Table structure for table `aj_report_wifiamount` */

DROP TABLE IF EXISTS `aj_report_wifiamount`;

CREATE TABLE `aj_report_wifiamount` (
  `datetime` date NOT NULL,
  `success` int(11) DEFAULT NULL COMMENT 'жҲҗеҠҹж¬Ўж•°',
  `fail` int(11) DEFAULT NULL COMMENT 'еӨұиҙҘж¬Ўж•°',
  PRIMARY KEY (`datetime`) USING BTREE
) ENGINE=InnoDB DEFAULT CHARSET=utf8 ROW_FORMAT=DYNAMIC;

/*Data for the table `aj_report_wifiamount` */

insert  into `aj_report_wifiamount`(`datetime`,`success`,`fail`) values ('2021-06-17',210,15),('2021-06-18',234,43),('2021-06-19',199,28),('2021-06-20',260,80),('2021-06-21',245,45),('2021-06-22',216,26),('2021-06-23',150,10);

/*!40101 SET SQL_MODE=@OLD_SQL_MODE */;
/*!40014 SET FOREIGN_KEY_CHECKS=@OLD_FOREIGN_KEY_CHECKS */;
/*!40014 SET UNIQUE_CHECKS=@OLD_UNIQUE_CHECKS */;
/*!40111 SET SQL_NOTES=@OLD_SQL_NOTES */;
